Workbook

Sheet RT Results
A1: Run # | B1: Video File | C1: Video Path | D1: Status | E1: Failure Reason | F1: Frame Index | G1: Total Frames | H1: Rotation Error (deg) | I1: Translation L2 Error (mm) | J1: Translation Direction Error (deg) | K1: Algorithm Baseline (mm) | L1: JSON Baseline (mm) | M1: Baseline Delta (mm) | N1: Baseline Error (%) | O1: RT Internal Error (px) | P1: Marker Bidirectional RMS (px) | Q1: Feature Median (px) | R1: RT Reliable | S1: Processing Time (s) | T1: Absolute Baseline Delta (mm)
A2: 12 | B2: video_20260729_104601.mp4 | C2: D:\Lightglue\lg_env\HBVCAM_4M2214HD-2-v11\video_20260729_104601.mp4 | D2: OK | F2: 50 | G2: 102 | H2: 0.24318352 | I2: 0.81165499 | J2: 0.56751076 | K2: 61.302672 | L2: 61.838279 | M2: -0.53560737 | N2: =IFERROR(ABS(M2)/L2,"") -> 0.008661421 | O2: 0.48460603 | P2: 0.2387629 | Q2: 0.48460603 | R2: TRUE | S2: 1.3000709 | T2: =IF(M2="","",ABS(M2)) -> 0.53560737
A3: 20 | B3: video_20260729_111623.mp4 | C3: D:\Lightglue\lg_env\HBVCAM_4M2214HD-2-v11\video_20260729_111623.mp4 | D3: OK | F3: 50 | G3: 149 | H3: 0.060774126 | I3: 0.94339386 | J3: 0.21051004 | K3: 60.922235 | L3: 61.838279 | M3: -0.91604423 | N3: =IFERROR(ABS(M3)/L3,"") -> 0.014813547 | O3: 0.67568555 | P3: 0.22636907 | Q3: 0.67568555 | R3: TRUE | S3: 1.2551839 | T3: =IF(M3="","",ABS(M3)) -> 0.91604423
A4: 4 | B4: video_20260728_143958.mp4 | C4: D:\Lightglue\lg_env\HBVCAM_4M2214HD-2-v11\video_20260728_143958.mp4 | D4: OK | F4: 50 | G4: 142 | H4: 0.13183811 | I4: 1.2877724 | J4: 0.74756141 | K4: 60.829312 | L4: 61.838279 | M4: -1.0089672 | N4: =IFERROR(ABS(M4)/L4,"") -> 0.016316225 | O4: 0.22679368 | P4: 0.14686332 | Q4: 0.22679368 | R4: TRUE | S4: 1.2990674 | T4: =IF(M4="","",ABS(M4)) -> 1.0089672
A5: 25 | B5: video_20260729_112645.mp4 | C5: D:\Lightglue\lg_env\HBVCAM_4M2214HD-2-v11\video_20260729_112645.mp4 | D5: QUALITY_WARNING | E5: RT result produced, but the analyzer quality flag is false. | F5: 50 | G5: 103 | H5: 0.28519963 | I5: 1.7161507 | J5: 1.3258325 | K5: 60.874132 | L5: 61.838279 | M5: -0.96414733 | N5: =IFERROR(ABS(M5)/L5,"") -> 0.015591432 | O5: 0.63283905 | P5: 0.08815297 | Q5: 0.63283905 | R5: FALSE | S5: 1.0755881 | T5: =IF(M5="","",ABS(M5)) -> 0.96414733
A6: 9 | B6: video_20260728_151841.mp4 | C6: D:\Lightglue\lg_env\HBVCAM_4M2214HD-2-v11\video_20260728_151841.mp4 | D6: QUALITY_WARNING | E6: RT result produced, but the analyzer quality flag is false. | F6: 50 | G6: 104 | H6: 0.17714305 | I6: 1.9863562 | J6: 1.2401785 | K6: 60.356039 | L6: 61.838279 | M6: -1.4822401 | N6: =IFERROR(ABS(M6)/L6,"") -> 0.02396962 | O6: 0.85634486 | P6: 0.05580985 | Q6: 0.85634486 | R6: FALSE | S6: 1.5335243 | T6: =IF(M6="","",ABS(M6)) -> 1.4822401
A7: 29 | B7: video_20260729_114113.mp4 | C7: D:\Lightglue\lg_env\HBVCAM_4M2214HD-2-v11\video_20260729_114113.mp4 | D7: OK | F7: 50 | G7: 97 | H7: 0.2438431 | I7: 2.0053552 | J7: 0.31281422 | K7: 59.860626 | L7: 61.838279 | M7: -1.977653 | N7: =IFERROR(ABS(M7)/L7,"") -> 0.031981049 | O7: 0.33651407 | P7: 0.095228814 | Q7: 0.33651407 | R7: TRUE | S7: 1.4182346 | T7: =IF(M7="","",ABS(M7)) -> 1.977653
A8: 13 | B8: video_20260729_104856.mp4 | C8: D:\Lightglue\lg_env\HBVCAM_4M2214HD-2-v11\video_20260729_104856.mp4 | D8: OK | F8: 50 | G8: 125 | H8: 0.40660705 | I8: 2.025336 | J8: 0.456929 | K8: 59.871933 | L8: 61.838279 | M8: -1.9663465 | N8: =IFERROR(ABS(M8)/L8,"") -> 0.031798209 | O8: 0.47524217 | P8: 0.042528461 | Q8: 0.47524217 | R8: TRUE | S8: 1.058438 | T8: =IF(M8="","",ABS(M8)) -> 1.9663465
A9: 24 | B9: video_20260729_112406.mp4 | C9: D:\Lightglue\lg_env\HBVCAM_4M2214HD-2-v11\video_20260729_112406.mp4 | D9: QUALITY_WARNING | E9: RT result produced, but the analyzer quality flag is false. | F9: 50 | G9: 113 | H9: 0.26149502 | I9: 2.0454536 | J9: 0.90849631 | K9: 60.035364 | L9: 61.838279 | M9: -1.8029156 | N9: =IFERROR(ABS(M9)/L9,"") -> 0.029155332 | O9: 0.72048777 | P9: 0.069137416 | Q9: 0.72048777 | R9: FALSE | S9: 0.8236215 | T9: =IF(M9="","",ABS(M9)) -> 1.8029156
A10: 14 | B10: video_20260729_105638.mp4 | C10: D:\Lightglue\lg_env\HBVCAM_4M2214HD-2-v11\video_20260729_105638.mp4 | D10: OK | F10: 50 | G10: 114 | H10: 0.42347739 | I10: 2.1548791 | J10: 0.55178942 | K10: 59.764457 | L10: 61.838279 | M10: -2.0738219 | N10: =IFERROR(ABS(M10)/L10,"") -> 0.033536216 | O10: 0.49902667 | P10: 0.43651652 | Q10: 0.49902667 | R10: TRUE | S10: 1.2207574 | T10: =IF(M10="","",ABS(M10)) -> 2.0738219
A11: 5 | B11: video_20260728_144526.mp4 | C11: D:\Lightglue\lg_env\HBVCAM_4M2214HD-2-v11\video_20260728_144526.mp4 | D11: OK | F11: 50 | G11: 104 | H11: 0.84991601 | I11: 2.2575297 | J11: 2.0902795 | K11: 61.892847 | L11: 61.838279 | M11: 0.054567389 | N11: =IFERROR(ABS(M11)/L11,"") -> 0.00088242088 | O11: 0.58658464 | P11: 0.24116719 | Q11: 0.58658464 | R11: TRUE | S11: 1.0818634 | T11: =IF(M11="","",ABS(M11)) -> 0.054567389
A12: 26 | B12: video_20260729_112903.mp4 | C12: D:\Lightglue\lg_env\HBVCAM_4M2214HD-2-v11\video_20260729_112903.mp4 | D12: OK | F12: 50 | G12: 94 | H12: 0.51233034 | I12: 2.764877 | J12: 1.4806324 | K12: 59.561209 | L12: 61.838279 | M12: -2.2770704 | N12: =IFERROR(ABS(M12)/L12,"") -> 0.03682299 | O12: 0.71608059 | P12: 0.42727224 | Q12: 0.71608059 | R12: TRUE | S12: 0.709325 | T12: =IF(M12="","",ABS(M12)) -> 2.2770704
A13: 23 | B13: video_20260729_112213.mp4 | C13: D:\Lightglue\lg_env\HBVCAM_4M2214HD-2-v11\video_20260729_112213.mp4 | D13: QUALITY_WARNING | E13: RT result produced, but the analyzer quality flag is false. | F13: 50 | G13: 139 | H13: 0.3617594 | I13: 2.786983 | J13: 0.53631815 | K13: 59.109359 | L13: 61.838279 | M13: -2.7289208 | N13: =IFERROR(ABS(M13)/L13,"") -> 0.044129959 | O13: 0.51713894 | P13: 0.066903476 | Q13: 0.51713894 | R13: FALSE | S13: 1.1444511 | T13: =IF(M13="","",ABS(M13)) -> 2.7289208
A14: 33 | B14: video_20260729_115420.mp4 | C14: D:\Lightglue\lg_env\HBVCAM_4M2214HD-2-v11\video_20260729_115420.mp4 | D14: QUALITY_WARNING | E14: RT result produced, but the analyzer quality flag is false. | F14: 50 | G14: 106 | H14: 0.40595307 | I14: 2.7904084 | J14: 2.1828036 | K14: 60.297084 | L14: 61.838279 | M14: -1.5411953 | N14: =IFERROR(ABS(M14)/L14,"") -> 0.024922998 | O14: 0.058867884 | P14: 0.058867884 | R14: FALSE | S14: 1.4845427 | T14: =IF(M14="","",ABS(M14)) -> 1.5411953
A15: 7 | B15: video_20260728_151045.mp4 | C15: D:\Lightglue\lg_env\HBVCAM_4M2214HD-2-v11\video_20260728_151045.mp4 | D15: OK | F15: 50 | G15: 92 | H15: 1.0619423 | I15: 2.8543402 | J15: 2.6419694 | K15: 61.622975 | L15: 61.838279 | M15: -0.21530399 | N15: =IFERROR(ABS(M15)/L15,"") -> 0.0034817267 | O15: 0.36012005 | P15: 0.10092529 | Q15: 0.36012005 | R15: TRUE | S15: 1.4026658 | T15: =IF(M15="","",ABS(M15)) -> 0.21530399
A16: 21 | B16: video_20260729_111901.mp4 | C16: D:\Lightglue\lg_env\HBVCAM_4M2214HD-2-v11\video_20260729_111901.mp4 | D16: OK | F16: 50 | G16: 109 | H16: 0.62045379 | I16: 2.8923745 | J16: 0.32777481 | K16: 58.966608 | L16: 61.838279 | M16: -2.8716711 | N16: =IFERROR(ABS(M16)/L16,"") -> 0.046438406 | O16: 0.39233504 | P16: 0.14760955 | Q16: 0.39233504 | R16: TRUE | S16: 1.1671481 | T16: =IF(M16="","",ABS(M16)) -> 2.8716711
A17: 18 | B17: video_20260729_111018.mp4 | C17: D:\Lightglue\lg_env\HBVCAM_4M2214HD-2-v11\video_20260729_111018.mp4 | D17: QUALITY_WARNING | E17: RT result produced, but the analyzer quality flag is false. | F17: 50 | G17: 128 | H17: 0.96999023 | I17: 3.0291449 | J17: 2.7955261 | K17: 61.4824 | L17: 61.838279 | M17: -0.35587891 | N17: =IFERROR(ABS(M17)/L17,"") -> 0.0057549937 | O17: 0.29247192 | P17: 0.05522556 | Q17: 0.29247192 | R17: FALSE | S17: 1.4475388 | T17: =IF(M17="","",ABS(M17)) -> 0.35587891
A18: 3 | B18: video_20260728_143043.mp4 | C18: D:\Lightglue\lg_env\HBVCAM_4M2214HD-2-v11\video_20260728_143043.mp4 | D18: OK | F18: 50 | G18: 118 | H18: 0.70981235 | I18: 3.2018271 | J18: 0.35608866 | K18: 58.658406 | L18: 61.838279 | M18: -3.1798728 | N18: =IFERROR(ABS(M18)/L18,"") -> 0.051422401 | O18: 0.31459009 | P18: 0.12749003 | Q18: 0.31459009 | R18: TRUE | S18: 1.2394146 | T18: =IF(M18="","",ABS(M18)) -> 3.1798728
A19: 1 | B19: video_20260728_141501.mp4 | C19: D:\Lightglue\lg_env\HBVCAM_4M2214HD-2-v11\video_20260728_141501.mp4 | D19: OK | F19: 50 | G19: 84 | H19: 1.0119261 | I19: 3.2669531 | J19: 2.9248336 | K19: 60.911107 | L19: 61.838279 | M19: -0.92717177 | N19: =IFERROR(ABS(M19)/L19,"") -> 0.014993492 | O19: 0.47045162 | P19: 0.2168894 | Q19: 0.47045162 | R19: TRUE | S19: 1.1291083 | T19: =IF(M19="","",ABS(M19)) -> 0.92717177
A20: 10 | B20: video_20260728_152645.mp4 | C20: D:\Lightglue\lg_env\HBVCAM_4M2214HD-2-v11\video_20260728_152645.mp4 | D20: OK | F20: 50 | G20: 82 | H20: 0.91876963 | I20: 3.8725228 | J20: 2.1938508 | K20: 58.72819 | L20: 61.838279 | M20: -3.1100894 | N20: =IFERROR(ABS(M20)/L20,"") -> 0.050293918 | O20: 0.3993331 | P20: 0.2395271 | Q20: 0.3993331 | R20: TRUE | S20: 0.7200494 | T20: =IF(M20="","",ABS(M20)) -> 3.1100894
A21: 31 | B21: video_20260729_114726.mp4 | C21: D:\Lightglue\lg_env\HBVCAM_4M2214HD-2-v11\video_20260729_114726.mp4 | D21: QUALITY_WARNING | E21: RT result produced, but the analyzer quality flag is false. | F21: 50 | G21: 74 | H21: 1.7388691 | I21: 3.9920059 | J21: 2.5782041 | K21: 64.638973 | L21: 61.838279 | M21: 2.800694 | N21: =IFERROR(ABS(M21)/L21,"") -> 0.045290619 | O21: 0.55990657 | P21: 0.076456865 | Q21: 0.55990657 | R21: FALSE | S21: 1.4973001 | T21: =IF(M21="","",ABS(M21)) -> 2.800694
A22: 17 | B22: video_20260729_110735.mp4 | C22: D:\Lightglue\lg_env\HBVCAM_4M2214HD-2-v11\video_20260729_110735.mp4 | D22: QUALITY_WARNING | E22: RT result produced, but the analyzer quality flag is false. | F22: 50 | G22: 125 | H22: 0.72610057 | I22: 4.0261629 | J22: 1.410389 | K22: 58.092168 | L22: 61.838279 | M22: -3.7461117 | N22: =IFERROR(ABS(M22)/L22,"") -> 0.060579171 | O22: 0.39619758 | P22: 0.072055374 | Q22: 0.39619758 | R22: FALSE | S22: 0.7927215 | T22: =IF(M22="","",ABS(M22)) -> 3.7461117
A23: 28 | B23: video_20260729_113715.mp4 | C23: D:\Lightglue\lg_env\HBVCAM_4M2214HD-2-v11\video_20260729_113715.mp4 | D23: QUALITY_WARNING | E23: RT result produced, but the analyzer quality flag is false. | F23: 50 | G23: 105 | H23: 0.7518932 | I23: 4.1873684 | J23: 1.9314645 | K23: 58.171319 | L23: 61.838279 | M23: -3.66696 | N23: =IFERROR(ABS(M23)/L23,"") -> 0.059299191 | O23: 1.0035467 | P23: 0.072501293 | Q23: 1.0035467 | R23: FALSE | S23: 1.1085374 | T23: =IF(M23="","",ABS(M23)) -> 3.66696
A24: 19 | B24: video_20260729_111443.mp4 | C24: D:\Lightglue\lg_env\HBVCAM_4M2214HD-2-v11\video_20260729_111443.mp4 | D24: QUALITY_WARNING | E24: RT result produced, but the analyzer quality flag is false. | F24: 50 | G24: 129 | H24: 1.1196582 | I24: 4.3040134 | J24: 2.6114559 | K24: 58.520429 | L24: 61.838279 | M24: -3.3178506 | N24: =IFERROR(ABS(M24)/L24,"") -> 0.053653669 | O24: 0.68021554 | P24: 0.26314504 | Q24: 0.68021554 | R24: FALSE | S24: 1.2036324 | T24: =IF(M24="","",ABS(M24)) -> 3.3178506
A25: 6 | B25: video_20260728_145142.mp4 | C25: D:\Lightglue\lg_env\HBVCAM_4M2214HD-2-v11\video_20260728_145142.mp4 | D25: OK | F25: 50 | G25: 90 | H25: 1.278127 | I25: 4.7532386 | J25: 2.8926927 | K25: 58.17417 | L25: 61.838279 | M25: -3.6641095 | N25: =IFERROR(ABS(M25)/L25,"") -> 0.059253096 | O25: 0.32418003 | P25: 0.16931461 | Q25: 0.32418003 | R25: TRUE | S25: 0.9901317 | T25: =IF(M25="","",ABS(M25)) -> 3.6641095
A26: 32 | B26: video_20260729_114939.mp4 | C26: D:\Lightglue\lg_env\HBVCAM_4M2214HD-2-v11\video_20260729_114939.mp4 | D26: OK | F26: 50 | G26: 113 | H26: 1.1200651 | I26: 4.8248808 | J26: 1.3415188 | K26: 57.218775 | L26: 61.838279 | M26: -4.6195044 | N26: =IFERROR(ABS(M26)/L26,"") -> 0.07470299 | O26: 0.26264307 | P26: 0.2511553 | Q26: 0.26264307 | R26: TRUE | S26: 1.147936 | T26: =IF(M26="","",ABS(M26)) -> 4.6195044
A27: 11 | B27: video_20260728_153820.mp4 | C27: D:\Lightglue\lg_env\HBVCAM_4M2214HD-2-v11\video_20260728_153820.mp4 | D27: OK | F27: 50 | G27: 114 | H27: 1.0728029 | I27: 5.0868551 | J27: 2.3785175 | K27: 57.392973 | L27: 61.838279 | M27: -4.4453062 | N27: =IFERROR(ABS(M27)/L27,"") -> 0.071885994 | O27: 0.31421423 | P27: 0.31421423 | Q27: 0.29002411 | R27: TRUE | S27: 1.4155729 | T27: =IF(M27="","",ABS(M27)) -> 4.4453062
A28: 30 | B28: video_20260729_114444.mp4 | C28: D:\Lightglue\lg_env\HBVCAM_4M2214HD-2-v11\video_20260729_114444.mp4 | D28: OK | F28: 50 | G28: 110 | H28: 2.6977273 | I28: 8.737595 | J28: 3.1524508 | K28: 53.696035 | L28: 61.838279 | M28: -8.142244 | N28: =IFERROR(ABS(M28)/L28,"") -> 0.13166996 | O28: 0.71409109 | P28: 0.57986012 | Q28: 0.71409109 | R28: TRUE | S28: 1.2925408 | T28: =IF(M28="","",ABS(M28)) -> 8.142244
A29: 27 | B29: video_20260729_113216.mp4 | C29: D:\Lightglue\lg_env\HBVCAM_4M2214HD-2-v11\video_20260729_113216.mp4 | D29: QUALITY_WARNING | E29: RT result produced, but the analyzer quality flag is false. | F29: 50 | G29: 111 | H29: 3.4120567 | I29: 9.1047926 | J29: 4.2816027 | K29: 69.513171 | L29: 61.838279 | M29: 7.6748913 | N29: =IFERROR(ABS(M29)/L29,"") -> 0.1241123 | O29: 0.37380899 | P29: 0.032112969 | Q29: 0.37380899 | R29: FALSE | S29: 1.1296328 | T29: =IF(M29="","",ABS(M29)) -> 7.6748913
A30: 2 | B30: video_20260728_142551.mp4 | C30: D:\Lightglue\lg_env\HBVCAM_4M2214HD-2-v11\video_20260728_142551.mp4 | D30: QUALITY_WARNING | E30: RT result produced, but the analyzer quality flag is false. | F30: 50 | G30: 150 | H30: 3.293426 | I30: 11.900981 | J30: 9.7108873 | K30: 55.222098 | L30: 61.838279 | M30: -6.6161814 | N30: =IFERROR(ABS(M30)/L30,"") -> 0.10699168 | O30: 1.0503914 | P30: 0.14128605 | Q30: 1.0503914 | R30: FALSE | S30: 1.026258 | T30: =IF(M30="","",ABS(M30)) -> 6.6161814
A31: 15 | B31: video_20260729_110029.mp4 | C31: D:\Lightglue\lg_env\HBVCAM_4M2214HD-2-v11\video_20260729_110029.mp4 | D31: QUALITY_WARNING | E31: RT result produced, but the analyzer quality flag is false. | F31: 50 | G31: 105 | H31: 3.5823282 | I31: 16.992907 | J31: 5.3219106 | K31: 77.567398 | L31: 61.838279 | M31: 15.729119 | N31: =IFERROR(ABS(M31)/L31,"") -> 0.25435894 | O31: 1.4495867 | P31: 0.14230858 | Q31: 1.4495867 | R31: FALSE | S31: 1.1234505 | T31: =IF(M31="","",ABS(M31)) -> 15.729119
A32: 16 | B32: video_20260729_110433.mp4 | C32: D:\Lightglue\lg_env\HBVCAM_4M2214HD-2-v11\video_20260729_110433.mp4 | D32: QUALITY_WARNING | E32: RT result produced, but the analyzer quality flag is false. | F32: 50 | G32: 108 | H32: 38.391953 | I32: 108.43878 | J32: 131.81649 | K32: 56.927293 | L32: 61.838279 | M32: -4.9109866 | N32: =IFERROR(ABS(M32)/L32,"") -> 0.079416611 | O32: 0.49092858 | P32: 0.35645226 | Q32: 0.49092858 | R32: FALSE | S32: 1.3414201 | T32: =IF(M32="","",ABS(M32)) -> 4.9109866
A33: 22 | B33: video_20260729_112041.mp4 | C33: D:\Lightglue\lg_env\HBVCAM_4M2214HD-2-v11\video_20260729_112041.mp4 | D33: QUALITY_WARNING | E33: RT result produced, but the analyzer quality flag is false. | F33: 50 | G33: 122 | H33: 36.312379 | I33: 120.44745 | J33: 161.84725 | K33: 60.136119 | L33: 61.838279 | M33: -1.7021598 | N33: =IFERROR(ABS(M33)/L33,"") -> 0.027525989 | O33: 0.70068742 | P33: 0.70068742 | Q33: 0.37404469 | R33: FALSE | S33: 1.2663218 | T33: =IF(M33="","",ABS(M33)) -> 1.7021598
A34: 8 | B34: video_20260728_151439.mp4 | C34: D:\Lightglue\lg_env\HBVCAM_4M2214HD-2-v11\video_20260728_151439.mp4 | D34: FAILED | E34: IndexError: 影片只有 40 幀，無法讀取 F50。請錄製至少 51 幀。 | F34: 50 | N34: =IFERROR(ABS(M34)/L34,"") | S34: 0.0136905 | T34: =IF(M34="","",ABS(M34))

Sheet Summary
A1: Metric | B1: Value
A2: Total Videos | B2: =COUNTA('RT Results'!B2:B34) -> 33
A3: RT Results Produced | B3: =COUNT('RT Results'!K2:K34) -> 32
A4: Quality OK | B4: =COUNTIF('RT Results'!D2:D34,"OK") -> 17
A5: Quality Warnings | B5: =COUNTIF('RT Results'!D2:D34,"QUALITY_WARNING") -> 15
A6: Failed | B6: =COUNTIF('RT Results'!D2:D34,"FAILED") -> 1
A7: Mean Rotation Error (deg) | B7: =IFERROR(AVERAGE('RT Results'!H2:H34),"") -> 3.2860563
A8: Mean Absolute Baseline Delta (mm) | B8: =IFERROR(AVERAGE('RT Results'!T2:T34),"") -> 3.1570501
A9: Mean Baseline Error (%) | B9: =IFERROR(AVERAGE('RT Results'!N2:N34),"") -> 0.05105333
A10: Maximum Baseline Error (%) | B10: =IFERROR(MAX('RT Results'!N2:N34),"") -> 0.25435894

Sheet Protocol
A1: Parameter | B1: Value
A2: Generated At | B2: 2026-07-29T13:06:28
A3: Source Folder | B3: D:\Lightglue\lg_env\HBVCAM_4M2214HD-2-v11
A4: Calibration File | B4: D:\Lightglue\lg_env\calibration_result_HBVCAM_4M2214HD-2-v11.json
A5: Reference Frame Index (zero-based) | B5: 50
A6: Recursive Search | B6: FALSE
A7: Baseline Error Formula | B7: ABS(Algorithm Baseline - JSON Baseline) / JSON Baseline
A8: Extrinsic Usage | B8: JSON R/T are ground truth only and are not used by RT estimation.
