Workbook

Sheet RT Results
A1: Run # | B1: Video File | C1: Video Path | D1: Rotation Error (deg) | E1: Algorithm Baseline (mm) | F1: JSON Baseline (mm) | G1: Baseline Delta (mm) | H1: Baseline Error (%) | I1: Marker Bidirectional RMS (px) | J1: Feature Median (px) | K1: Processing Time (s)
A2: 5 | B2: video_20260728_144526.mp4 | C2: D:\Lightglue\lg_env\HBVCAM_4M2214HD-2-v11_\model1\video_20260728_144526.mp4 | D2: 0.84991601 | E2: 61.892847 | F2: 61.838279 | G2: 0.054567389 | H2: =IFERROR(ABS(G2)/F2,"") -> 0.00088242088 | I2: 0.24116719 | J2: 0.58658464 | K2: 0.7434384
A3: 7 | B3: video_20260728_151045.mp4 | C3: D:\Lightglue\lg_env\HBVCAM_4M2214HD-2-v11_\model1\video_20260728_151045.mp4 | D3: 1.0619423 | E3: 61.622975 | F3: 61.838279 | G3: -0.21530399 | H3: =IFERROR(ABS(G3)/F3,"") -> 0.0034817267 | I3: 0.10092529 | J3: 0.36012005 | K3: 0.7941362
A4: 12 | B4: video_20260729_104601.mp4 | C4: D:\Lightglue\lg_env\HBVCAM_4M2214HD-2-v11_\model1\video_20260729_104601.mp4 | D4: 0.24318352 | E4: 61.302672 | F4: 61.838279 | G4: -0.53560737 | H4: =IFERROR(ABS(G4)/F4,"") -> 0.008661421 | I4: 0.2387629 | J4: 0.48460603 | K4: 1.5250615
A5: 1 | B5: video_20260728_141501.mp4 | C5: D:\Lightglue\lg_env\HBVCAM_4M2214HD-2-v11_\model1\video_20260728_141501.mp4 | D5: 1.0119261 | E5: 60.911107 | F5: 61.838279 | G5: -0.92717177 | H5: =IFERROR(ABS(G5)/F5,"") -> 0.014993492 | I5: 0.2168894 | J5: 0.47045162 | K5: 2.5736029
A6: 4 | B6: video_20260728_143958.mp4 | C6: D:\Lightglue\lg_env\HBVCAM_4M2214HD-2-v11_\model1\video_20260728_143958.mp4 | D6: 0.13183811 | E6: 60.829312 | F6: 61.838279 | G6: -1.0089672 | H6: =IFERROR(ABS(G6)/F6,"") -> 0.016316225 | I6: 0.14686332 | J6: 0.22679368 | K6: 0.997958
A7: 9 | B7: video_20260728_151841.mp4 | C7: D:\Lightglue\lg_env\HBVCAM_4M2214HD-2-v11_\model1\video_20260728_151841.mp4 | D7: 0.17714305 | E7: 60.356039 | F7: 61.838279 | G7: -1.4822401 | H7: =IFERROR(ABS(G7)/F7,"") -> 0.02396962 | I7: 0.05580985 | J7: 0.85634486 | K7: 1.9099321
A8: 13 | B8: video_20260729_104856.mp4 | C8: D:\Lightglue\lg_env\HBVCAM_4M2214HD-2-v11_\model1\video_20260729_104856.mp4 | D8: 0.40660705 | E8: 59.871933 | F8: 61.838279 | G8: -1.9663465 | H8: =IFERROR(ABS(G8)/F8,"") -> 0.031798209 | I8: 0.042528461 | J8: 0.47524217 | K8: 1.1418021
A9: 14 | B9: video_20260729_105638.mp4 | C9: D:\Lightglue\lg_env\HBVCAM_4M2214HD-2-v11_\model1\video_20260729_105638.mp4 | D9: 0.42347739 | E9: 59.764457 | F9: 61.838279 | G9: -2.0738219 | H9: =IFERROR(ABS(G9)/F9,"") -> 0.033536216 | I9: 0.43651652 | J9: 0.49902667 | K9: 0.9604232
A10: 10 | B10: video_20260728_152645.mp4 | C10: D:\Lightglue\lg_env\HBVCAM_4M2214HD-2-v11_\model1\video_20260728_152645.mp4 | D10: 0.91876963 | E10: 58.72819 | F10: 61.838279 | G10: -3.1100894 | H10: =IFERROR(ABS(G10)/F10,"") -> 0.050293918 | I10: 0.2395271 | J10: 0.3993331 | K10: 1.1314543
A11: 3 | B11: video_20260728_143043.mp4 | C11: D:\Lightglue\lg_env\HBVCAM_4M2214HD-2-v11_\model1\video_20260728_143043.mp4 | D11: 0.70981235 | E11: 58.658406 | F11: 61.838279 | G11: -3.1798728 | H11: =IFERROR(ABS(G11)/F11,"") -> 0.051422401 | I11: 0.12749003 | J11: 0.31459009 | K11: 1.1663552
A12: 6 | B12: video_20260728_145142.mp4 | C12: D:\Lightglue\lg_env\HBVCAM_4M2214HD-2-v11_\model1\video_20260728_145142.mp4 | D12: 1.278127 | E12: 58.17417 | F12: 61.838279 | G12: -3.6641095 | H12: =IFERROR(ABS(G12)/F12,"") -> 0.059253096 | I12: 0.16931461 | J12: 0.32418003 | K12: 0.9693545
A13: 17 | B13: video_20260729_110735.mp4 | C13: D:\Lightglue\lg_env\HBVCAM_4M2214HD-2-v11_\model1\video_20260729_110735.mp4 | D13: 0.72610057 | E13: 58.092168 | F13: 61.838279 | G13: -3.7461117 | H13: =IFERROR(ABS(G13)/F13,"") -> 0.060579171 | I13: 0.072055374 | J13: 0.39619758 | K13: 0.8332846
... A17: 15 | B17: video_20260729_110029.mp4 | C17: D:\Lightglue\lg_env\HBVCAM_4M2214HD-2-v11_\model1\video_20260729_110029.mp4 | D17: 3.5823282 | E17: 77.567398 | F17: 61.838279 | G17: 15.729119 | H17: =IFERROR(ABS(G17)/F17,"") -> 0.25435894 | I17: 0.14230858 | J17: 1.4495867 | K17: 0.7797047

Sheet Summary
A1: Metric | B1: Value
A2: Total Videos | B2: =COUNTA('RT Results'!B2:B17) -> 16
A3: RT Results Produced | B3: =COUNT('RT Results'!E2:E17) -> 16
A4: Mean Rotation Error (deg) | B4: =IFERROR(AVERAGE('RT Results'!D2:D17),"") -> 3.3924596
A5: Mean Absolute Baseline Delta (mm) | B5: =IFERROR(AVERAGE('RT Results'!#REF!),"")
A6: Mean Baseline Error (%) | B6: =IFERROR(AVERAGE('RT Results'!H2:H17),"") -> 0.054240071
A7: Maximum Baseline Error (%) | B7: =IFERROR(MAX('RT Results'!H2:H17),"") -> 0.25435894

Sheet Protocol
A1: Parameter | B1: Value
A2: Generated At | B2: 2026-07-29T16:39:55
A3: Source Folder | B3: D:\Lightglue\lg_env\HBVCAM_4M2214HD-2-v11_\model1
A4: Calibration File | B4: D:\Lightglue\lg_env\calibration_result_HBVCAM_4M2214HD-2-v11.json
A5: Reference Frame Index (zero-based) | B5: 50
A6: Recursive Search | B6: FALSE
A7: Baseline Error Formula | B7: ABS(Algorithm Baseline - JSON Baseline) / JSON Baseline
A8: Extrinsic Usage | B8: JSON R/T are ground truth only and are not used by RT estimation.
